{"cameraMode":{"drawMode":0,"name":"Shaded","section":"Shading Mode"},"sceneLighting":true,"audioPlay":false,"sceneViewState":{"showFog":true,"showMaterialUpdate":false,"showSkybox":true,"showFlares":true,"showImageEffects":true,"showParticleSystems":true},"in2DMode":false,"pivot":{"x":-182.67840576171876,"y":41.94684600830078,"z":-42.683441162109378},"rotation":{"x":0.17076019942760468,"y":0.23665209114551545,"z":-0.04545683041214943,"w":0.9558905363082886},"size":28.457555770874025,"orthographic":false}