{"cameraMode":{"drawMode":0,"name":"Shaded","section":"Shading Mode"},"sceneLighting":false,"audioPlay":false,"sceneViewState":{"showFog":true,"showMaterialUpdate":false,"showSkybox":false,"showFlares":true,"showImageEffects":true,"showParticleSystems":true},"in2DMode":false,"pivot":{"x":-225.0,"y":13.739999771118164,"z":73.3499984741211},"rotation":{"x":-0.33975526690483096,"y":-0.3957962989807129,"z":0.15963730216026307,"w":-0.8389628529548645},"size":7.050689697265625,"orthographic":false}