{"cameraMode":{"drawMode":0,"name":"Shaded","section":"Shading Mode"},"sceneLighting":false,"audioPlay":false,"sceneViewState":{"showFog":true,"showMaterialUpdate":false,"showSkybox":true,"showFlares":true,"showImageEffects":true,"showParticleSystems":true},"in2DMode":false,"pivot":{"x":153.04904174804688,"y":-1070.353271484375,"z":1499.6148681640625},"rotation":{"x":0.3098061680793762,"y":0.06338322162628174,"z":-0.02095695026218891,"w":0.9491227269172669},"size":1898.2926025390625,"orthographic":false}