{"cameraMode":{"drawMode":0,"name":"Shaded","section":"Shading Mode"},"sceneLighting":false,"audioPlay":false,"sceneViewState":{"showFog":true,"showMaterialUpdate":false,"showSkybox":false,"showFlares":true,"showImageEffects":true,"showParticleSystems":true},"in2DMode":false,"pivot":{"x":-55.10403823852539,"y":25.040761947631837,"z":199.50177001953126},"rotation":{"x":0.32185041904449465,"y":-0.008472010493278504,"z":0.0011758311884477735,"w":0.9472329616546631},"size":9.934321403503418,"orthographic":false}