{"cameraMode":{"drawMode":0,"name":"Shaded","section":"Shading Mode"},"sceneLighting":true,"audioPlay":false,"sceneViewState":{"showFog":true,"showMaterialUpdate":false,"showSkybox":true,"showFlares":true,"showImageEffects":true,"showParticleSystems":true},"in2DMode":false,"pivot":{"x":-204.20687866210938,"y":-74.3290023803711,"z":253.20474243164063},"rotation":{"x":0.2524816393852234,"y":0.05392494425177574,"z":-0.014317305758595467,"w":0.9665302634239197},"size":227.2222900390625,"orthographic":false}