{"cameraMode":{"drawMode":0,"name":"Shaded","section":"Shading Mode"},"sceneLighting":false,"audioPlay":false,"sceneViewState":{"showFog":true,"showMaterialUpdate":false,"showSkybox":true,"showFlares":true,"showImageEffects":true,"showParticleSystems":true},"in2DMode":false,"pivot":{"x":-74.19700622558594,"y":113.91130065917969,"z":64.76887512207031},"rotation":{"x":-0.08469671756029129,"y":-0.8886359930038452,"z":0.41357100009918215,"w":-0.18269094824790955},"size":4.804312705993652,"orthographic":false}