{"cameraMode":{"drawMode":0,"name":"Shaded","section":"Shading Mode"},"sceneLighting":true,"audioPlay":false,"sceneViewState":{"showFog":true,"showMaterialUpdate":false,"showSkybox":true,"showFlares":true,"showImageEffects":true,"showParticleSystems":true},"in2DMode":false,"pivot":{"x":22.2098388671875,"y":-0.7934567332267761,"z":19.78763198852539},"rotation":{"x":-0.5322209596633911,"y":0.20663140714168549,"z":-0.13451191782951356,"w":-0.8100585341453552},"size":16.577922821044923,"orthographic":false}