{"cameraMode":{"drawMode":0,"name":"Shaded","section":"Shading Mode"},"sceneLighting":true,"audioPlay":false,"sceneViewState":{"showFog":true,"showMaterialUpdate":false,"showSkybox":true,"showFlares":true,"showImageEffects":true,"showParticleSystems":true},"in2DMode":false,"pivot":{"x":-353.9899597167969,"y":-66.53858947753906,"z":186.8220977783203},"rotation":{"x":0.20458447933197022,"y":-0.5342282056808472,"z":0.13329653441905976,"w":0.8100003004074097},"size":227.2222900390625,"orthographic":false}