{"cameraMode":{"drawMode":0,"name":"Shaded","section":"Shading Mode"},"sceneLighting":false,"audioPlay":false,"sceneViewState":{"showFog":true,"showMaterialUpdate":false,"showSkybox":false,"showFlares":true,"showImageEffects":true,"showParticleSystems":true},"in2DMode":false,"pivot":{"x":-177.7100067138672,"y":18.40999984741211,"z":-142.8000030517578},"rotation":{"x":0.27503493428230288,"y":-0.40258729457855227,"z":0.12451663613319397,"w":0.8647145628929138},"size":137.3341827392578,"orthographic":false}