{"cameraMode":{"drawMode":0,"name":"Shaded","section":"Shading Mode"},"sceneLighting":false,"audioPlay":false,"sceneViewState":{"showFog":true,"showMaterialUpdate":false,"showSkybox":true,"showFlares":true,"showImageEffects":true,"showParticleSystems":true},"in2DMode":false,"pivot":{"x":98.31001281738281,"y":45.05774688720703,"z":63.64975357055664},"rotation":{"x":0.13212230801582337,"y":-0.4756803512573242,"z":0.07114076614379883,"w":0.8674567937850952},"size":2.8585524559020998,"orthographic":false}