{"cameraMode":{"drawMode":0,"name":"Shaded","section":"Shading Mode"},"sceneLighting":true,"audioPlay":false,"sceneViewState":{"showFog":true,"showMaterialUpdate":false,"showSkybox":true,"showFlares":true,"showImageEffects":true,"showParticleSystems":true},"in2DMode":false,"pivot":{"x":-289.71514892578127,"y":24.4476375579834,"z":109.528076171875},"rotation":{"x":0.010919585824012757,"y":0.9852803945541382,"z":-0.15709003806114198,"w":0.07517091929912567},"size":2.8585524559020998,"orthographic":false}