{"cameraMode":{"drawMode":0,"name":"Shaded","section":"Shading Mode"},"sceneLighting":true,"audioPlay":false,"sceneViewState":{"showFog":true,"showMaterialUpdate":false,"showSkybox":true,"showFlares":true,"showImageEffects":true,"showParticleSystems":true},"in2DMode":false,"pivot":{"x":-98.91083526611328,"y":-65.3145751953125,"z":214.5845489501953},"rotation":{"x":0.19208784401416779,"y":-0.10274721682071686,"z":0.01779644936323166,"w":0.9762730598449707},"size":255.16201782226563,"orthographic":false}