{"cameraMode":{"drawMode":0,"name":"Shaded","section":"Shading Mode"},"sceneLighting":false,"audioPlay":false,"sceneViewState":{"showFog":true,"showMaterialUpdate":false,"showSkybox":true,"showFlares":true,"showImageEffects":true,"showParticleSystems":true},"in2DMode":false,"pivot":{"x":171.30084228515626,"y":79.30186462402344,"z":2.482269525527954},"rotation":{"x":-0.05459364131093025,"y":0.7872116565704346,"z":-0.06835001707077027,"w":-0.61146080493927},"size":2.8585524559020998,"orthographic":false}