{"cameraMode":{"drawMode":0,"name":"Shaded","section":"Shading Mode"},"sceneLighting":false,"audioPlay":false,"sceneViewState":{"showFog":true,"showMaterialUpdate":false,"showSkybox":true,"showFlares":true,"showImageEffects":true,"showParticleSystems":true},"in2DMode":false,"pivot":{"x":-117.45323944091797,"y":-30.12051773071289,"z":105.38982391357422},"rotation":{"x":-0.33975526690483096,"y":-0.3957962989807129,"z":0.15963730216026307,"w":-0.8389628529548645},"size":106.6744384765625,"orthographic":false}