{"cameraMode":{"drawMode":0,"name":"Shaded","section":"Shading Mode"},"sceneLighting":false,"audioPlay":false,"sceneViewState":{"showFog":true,"showMaterialUpdate":false,"showSkybox":true,"showFlares":true,"showImageEffects":true,"showParticleSystems":true},"in2DMode":false,"pivot":{"x":159.4571075439453,"y":-34.46556854248047,"z":136.64093017578126},"rotation":{"x":-0.42752397060394289,"y":0.018604062497615815,"z":-0.009984415955841542,"w":-0.904580295085907},"size":111.04973602294922,"orthographic":false}