{"cameraMode":{"drawMode":0,"name":"Shaded","section":"Shading Mode"},"sceneLighting":false,"audioPlay":false,"sceneViewState":{"showFog":true,"showMaterialUpdate":false,"showSkybox":false,"showFlares":true,"showImageEffects":true,"showParticleSystems":true},"in2DMode":false,"pivot":{"x":-148.67630004882813,"y":-24.368892669677736,"z":-69.84136962890625},"rotation":{"x":0.02864491567015648,"y":0.932011067867279,"z":-0.35609298944473269,"w":0.07229462265968323},"size":106.44771575927735,"orthographic":false}