{"cameraMode":{"drawMode":0,"name":"Shaded","section":"Shading Mode"},"sceneLighting":false,"audioPlay":false,"sceneViewState":{"showFog":true,"showMaterialUpdate":false,"showSkybox":true,"showFlares":true,"showImageEffects":true,"showParticleSystems":true},"in2DMode":false,"pivot":{"x":173.58758544921876,"y":55.63874816894531,"z":49.02486801147461},"rotation":{"x":-0.008732296526432038,"y":-0.9168112277984619,"z":0.40016603469848635,"w":-0.02251458540558815},"size":2.8585524559020998,"orthographic":false}