{"cameraMode":{"drawMode":0,"name":"Shaded","section":"Shading Mode"},"sceneLighting":false,"audioPlay":false,"sceneViewState":{"showFog":true,"showMaterialUpdate":false,"showSkybox":true,"showFlares":true,"showImageEffects":true,"showParticleSystems":true},"in2DMode":false,"pivot":{"x":-27.635066986083986,"y":-18.67399024963379,"z":88.42272186279297},"rotation":{"x":-0.14514873921871186,"y":0.7416460514068604,"z":-0.17418870329856873,"w":-0.6325727701187134},"size":111.04973602294922,"orthographic":false}