{"cameraMode":{"drawMode":0,"name":"Shaded","section":"Shading Mode"},"sceneLighting":false,"audioPlay":false,"sceneViewState":{"showFog":true,"showMaterialUpdate":false,"showSkybox":false,"showFlares":true,"showImageEffects":true,"showParticleSystems":true},"in2DMode":false,"pivot":{"x":-227.7504425048828,"y":17.53544807434082,"z":68.18724060058594},"rotation":{"x":0.29750263690948489,"y":-0.09850964695215225,"z":0.030349107459187509,"w":0.9496949911117554},"size":15.310466766357422,"orthographic":false}