{"cameraMode":{"drawMode":0,"name":"Shaded","section":"Shading Mode"},"sceneLighting":false,"audioPlay":false,"sceneViewState":{"showFog":true,"showMaterialUpdate":false,"showSkybox":true,"showFlares":true,"showImageEffects":true,"showParticleSystems":true},"in2DMode":false,"pivot":{"x":-47.316532135009769,"y":21.455224990844728,"z":12.792196273803711},"rotation":{"x":-0.03333933651447296,"y":0.9661973118782044,"z":-0.20494462549686433,"w":-0.15686959028244019},"size":4.804312705993652,"orthographic":false}