{"cameraMode":{"drawMode":0,"name":"Shaded","section":"Shading Mode"},"sceneLighting":true,"audioPlay":false,"sceneViewState":{"showFog":true,"showMaterialUpdate":false,"showSkybox":true,"showFlares":true,"showImageEffects":true,"showParticleSystems":true},"in2DMode":false,"pivot":{"x":0.6325092911720276,"y":21.589807510375978,"z":-20.772930145263673},"rotation":{"x":-0.18089385330677033,"y":-0.685530424118042,"z":0.18492132425308228,"w":-0.6812301278114319},"size":22.0,"orthographic":false}