{"cameraMode":{"drawMode":0,"name":"Shaded","section":"Shading Mode"},"sceneLighting":false,"audioPlay":false,"sceneViewState":{"showFog":true,"showMaterialUpdate":false,"showSkybox":true,"showFlares":true,"showImageEffects":true,"showParticleSystems":true},"in2DMode":false,"pivot":{"x":66.55195617675781,"y":35.23590087890625,"z":6.5595598220825199},"rotation":{"x":0.10419667512178421,"y":-0.8066937923431397,"z":0.14636243879795075,"w":0.5640904903411865},"size":22.0,"orthographic":false}