{"cameraMode":{"drawMode":0,"name":"Shaded","section":"Shading Mode"},"sceneLighting":true,"audioPlay":false,"sceneViewState":{"showFog":true,"showMaterialUpdate":false,"showSkybox":true,"showFlares":true,"showImageEffects":true,"showParticleSystems":true},"in2DMode":false,"pivot":{"x":-3.497007369995117,"y":19.352319717407228,"z":-19.547000885009767},"rotation":{"x":-0.2118091583251953,"y":-0.7852882146835327,"z":0.37898939847946169,"w":-0.44174695014953616},"size":9.934317588806153,"orthographic":false}