{"cameraMode":{"drawMode":0,"name":"Shaded","section":"Shading Mode"},"sceneLighting":false,"audioPlay":false,"sceneViewState":{"showFog":true,"showMaterialUpdate":false,"showSkybox":false,"showFlares":true,"showImageEffects":true,"showParticleSystems":true},"in2DMode":false,"pivot":{"x":-222.34999084472657,"y":37.92729187011719,"z":71.90599060058594},"rotation":{"x":0.44499945640563967,"y":-0.0200333409011364,"z":0.00960437674075365,"w":0.895842969417572},"size":15.310466766357422,"orthographic":false}