{"cameraMode":{"drawMode":0,"name":"Shaded","section":"Shading Mode"},"sceneLighting":true,"audioPlay":false,"sceneViewState":{"showFog":true,"showMaterialUpdate":false,"showSkybox":true,"showFlares":true,"showImageEffects":true,"showParticleSystems":true},"in2DMode":false,"pivot":{"x":-88.87594604492188,"y":50.9914436340332,"z":-20.478897094726564},"rotation":{"x":0.11881206929683685,"y":-0.8627647757530212,"z":0.23303602635860444,"w":0.43374037742614748},"size":22.0,"orthographic":false}