{"cameraMode":{"drawMode":0,"name":"Shaded","section":"Shading Mode"},"sceneLighting":true,"audioPlay":false,"sceneViewState":{"showFog":true,"showMaterialUpdate":false,"showSkybox":true,"showFlares":true,"showImageEffects":true,"showParticleSystems":true},"in2DMode":false,"pivot":{"x":-10.06644344329834,"y":42.14542770385742,"z":159.75201416015626},"rotation":{"x":0.15567074716091157,"y":-0.7666218876838684,"z":0.19744150340557099,"w":0.591590404510498},"size":22.0,"orthographic":false}