{"cameraMode":{"drawMode":0,"name":"Shaded","section":"Shading Mode"},"sceneLighting":true,"audioPlay":false,"sceneViewState":{"showFog":true,"showMaterialUpdate":false,"showSkybox":true,"showFlares":true,"showImageEffects":true,"showParticleSystems":true},"in2DMode":false,"pivot":{"x":36.68638610839844,"y":-4.712155818939209,"z":0.3067241609096527},"rotation":{"x":-0.17509786784648896,"y":-0.8129326105117798,"z":0.31607306003570559,"w":-0.4576312005519867},"size":33.749935150146487,"orthographic":false}