{"cameraMode":{"drawMode":0,"name":"Shaded","section":"Shading Mode"},"sceneLighting":false,"audioPlay":false,"sceneViewState":{"showFog":true,"showMaterialUpdate":false,"showSkybox":false,"showFlares":true,"showImageEffects":true,"showParticleSystems":true},"in2DMode":false,"pivot":{"x":-5.745877265930176,"y":16.599891662597658,"z":-23.801172256469728},"rotation":{"x":-0.1628861427307129,"y":-0.800021767616272,"z":0.2474415898323059,"w":-0.5231308937072754},"size":18.76520538330078,"orthographic":false}