{"cameraMode":{"drawMode":0,"name":"Shaded","section":"Shading Mode"},"sceneLighting":true,"audioPlay":false,"sceneViewState":{"showFog":true,"showMaterialUpdate":false,"showSkybox":true,"showFlares":true,"showImageEffects":true,"showParticleSystems":true},"in2DMode":false,"pivot":{"x":-63.362525939941409,"y":25.366901397705079,"z":100.06733703613281},"rotation":{"x":-0.15929175913333894,"y":0.5231852531433106,"z":-0.09796468168497086,"w":-0.8319369554519653},"size":45.571529388427737,"orthographic":false}