{"cameraMode":{"drawMode":0,"name":"Shaded","section":"Shading Mode"},"sceneLighting":true,"audioPlay":false,"sceneViewState":{"showFog":true,"showMaterialUpdate":false,"showSkybox":true,"showFlares":true,"showImageEffects":true,"showParticleSystems":true},"in2DMode":false,"pivot":{"x":330.1737365722656,"y":105.34764099121094,"z":-77.2656478881836},"rotation":{"x":-0.05567621439695358,"y":-0.07917594164609909,"z":0.006569483783096075,"w":-0.9957120418548584},"size":77.48149871826172,"orthographic":false}